System,Ring,HS,ls,RES/Pt HS?,Pt %,Mapped?,,For edtools list,,,,For reddit table
LHS 3388,2 A Ring,1,"2,319",Haz @ center,16.45,map1 map2,,LHS 3388|2 A: Haz @ center [2319 ls] 16.45% Pt,,,,"LHS 3388 ring 2 A|Haz @ center|2,319 ls| 16.45% Pt"
Lalande 34968,AB 8 A Ring,5,"2,088",Haz @20%,13.40,ED_Churly,,Lalande 34968|AB 8 A: Haz @20% [2088 ls] 13.4% Pt,,,,"Lalande 34968 ring AB 8 A|Haz @20%|2,088 ls| 13.4% Pt"
Toluku,AB 4 A Ring,1,"1,288",Haz @30%,13.93,,,Toluku|AB 4 A: Haz @30% [1288 ls] 13.93% Pt,,,,"Toluku ring AB 4 A|Haz @30%|1,288 ls| 13.93% Pt"
HIP 51652,4 A Ring,1,"5,917",Haz @35%,,,,HIP 51652|4 A: Haz @35% [5917 ls],,,,"HIP 51652 ring 4 A|Haz @35%|5,917 ls|"
HIP 60953,ABC 8 A Ring,5,"2,470",Haz @35%; reg 35%,16.35,,,HIP 60953|ABC 8 A: Haz @35%; reg 35% [2470 ls] 16.35% Pt,,,,"HIP 60953 ring ABC 8 A|Haz @35%; reg 35%|2,470 ls| 16.35% Pt"
HIP 7799,A 3 A Ring,1,"3,191",Haz @550 km,16.23,,,HIP 7799|A 3 A: Haz @550 km [3191 ls] 16.23% Pt,,,,"HIP 7799 ring A 3 A|Haz @550 km|3,191 ls| 16.23% Pt"
HIP 115736,10 A Ring,2,"2,896",Haz @60%,,,,HIP 115736|10 A: Haz @60% [2896 ls],,,,"HIP 115736 ring 10 A|Haz @60%|2,896 ls|"
HIP 71572,A 2 A Ring,1,"2,809",Haz @60%,14.73,,,HIP 71572|A 2 A: Haz @60% [2809 ls] 14.73% Pt,,,,"HIP 71572 ring A 2 A|Haz @60%|2,809 ls| 14.73% Pt"
Macua,2 A Ring,2,"1,346",Haz @60%,20.76,zipped,,Macua|2 A: Haz @60% [1346 ls] 20.76% Pt,,,,"Macua ring 2 A|Haz @60%|1,346 ls| 20.76% Pt"
HIP 1290,11 A Ring,3,"4,410",Haz @65%,19.88,,,HIP 1290|11 A: Haz @65% [4410 ls] 19.88% Pt,,,,"HIP 1290 ring 11 A|Haz @65%|4,410 ls| 19.88% Pt"
HR 2265,2 A Ring,2,"2,835",Haz @65%; reg 45%,,,,HR 2265|2 A: Haz @65%; reg 45% [2835 ls],,,,"HR 2265 ring 2 A|Haz @65%; reg 45%|2,835 ls|"
HIP 19934,1 A Ring,1,384,Haz @70%,20.32,cold-n-sour,,HIP 19934|1 A: Haz @70% [384 ls] 20.32% Pt,,,,HIP 19934 ring 1 A|Haz @70%|384 ls| 20.32% Pt
Nuitu,5 A Ring,1,204,Haz @70% (bad markers),8.77,,,Nuitu|5 A: Haz @70% (bad markers) [204 ls] 8.77% Pt,,,,Nuitu ring 5 A|Haz @70% (bad markers)|204 ls| 8.77% Pt
HIP 52780,5 A Ring,1,"1,400",Haz @85%,15.09,,,HIP 52780|5 A: Haz @85% [1400 ls] 15.09% Pt,,,,"HIP 52780 ring 5 A|Haz @85%|1,400 ls| 15.09% Pt"
Paesia,2 A Ring,2,821,Haz @75%,22.19,cold-n-sour,,Paesia|2 A: Haz @75% [821 ls] 22.19% Pt,,,,Paesia ring 2 A|Haz @75%|821 ls| 22.19% Pt
60 Tauri,CD 7 A Ring,4,"77,857",Haz @80%,,,,60 Tauri|CD 7 A: Haz @80% [77857 ls],,,,"60 Tauri ring CD 7 A|Haz @80%|77,857 ls|"
HIP 43054,AB 4 A Ring,2,"3,575",Haz @80%,15.21,,,HIP 43054|AB 4 A: Haz @80% [3575 ls] 15.21% Pt,,,,"HIP 43054 ring AB 4 A|Haz @80%|3,575 ls| 15.21% Pt"
Koboga,2 A Ring,1,554,Haz @80%; reg 80%,,,,Koboga|2 A: Haz @80%; reg 80% [554 ls],,,,Koboga ring 2 A|Haz @80%; reg 80%|554 ls|
HIP 4005,5 A Ring,2,"1,812",Haz @80%; reg center,,,,HIP 4005|5 A: Haz @80%; reg center [1812 ls],,,,"HIP 4005 ring 5 A|Haz @80%; reg center|1,812 ls|"
HIP 35185,A 3 A Ring,1,"1,726",Haz @85%,,,,HIP 35185|A 3 A: Haz @85% [1726 ls],,,,"HIP 35185 ring A 3 A|Haz @85%|1,726 ls|"
HR 8671,1 A Ring,2,726,Haz @90%,,,,HR 8671|1 A: Haz @90% [726 ls],,,,HR 8671 ring 1 A|Haz @90%|726 ls|
HIP 61632,3 A Ring,3,856,Haz @90%; reg 60%,,,,HIP 61632|3 A: Haz @90%; reg 60% [856 ls],,,,HIP 61632 ring 3 A|Haz @90%; reg 60%|856 ls|
HIP 28122,ABC 1 A Ring,2,"1,857",Haz on the edge,,,,HIP 28122|ABC 1 A: Haz on the edge [1857 ls],,,,"HIP 28122 ring ABC 1 A|Haz on the edge|1,857 ls|"
HR 6421,4 A Ring,1,"1,746",Haz x2 @50%,,,,HR 6421|4 A: Haz x2 @50% [1746 ls],,,,"HR 6421 ring 4 A|Haz x2 @50%|1,746 ls|"
G Scorpii,B 4 A Ring,1,"19,665",High @ 80%,,,,G Scorpii|B 4 A: High @ 80% [19665 ls],,,,"G Scorpii ring B 4 A|High @ 80%|19,665 ls|"
Delkar,7 A Ring,2,"2,803",High @20%,,,,Delkar|7 A: High @20% [2803 ls],,,,"Delkar ring 7 A|High @20%|2,803 ls|"
HIP 113894,A 3 A Ring,2,372,High @50% High @75%,,,,HIP 113894|A 3 A: High @50% High @75% [372 ls],,,,HIP 113894 ring A 3 A|High @50% High @75%|372 ls|
14 i Orionis,1 A Ring,1,234,High @500km (no markers),22.18,,,14 i Orionis|1 A: High @500km (no markers) [234 ls] 22.18% Pt,,,,14 i Orionis ring 1 A|High @500km (no markers)|234 ls| 22.18% Pt
Gurus,CD 4 A Ring,2,"108,225",High @55%,,,,Gurus|CD 4 A: High @55% [108225 ls],,,,"Gurus ring CD 4 A|High @55%|108,225 ls|"
HIP 62118,A 2 A Ring,3,"1,862",high @60%,,,,HIP 62118|A 2 A: high @60% [1862 ls],,,,"HIP 62118 ring A 2 A|high @60%|1,862 ls|"
Palliyan,2 A Ring,3,566,High @65%,,,,Palliyan|2 A: High @65% [566 ls],,,,Palliyan ring 2 A|High @65%|566 ls|
58 Epsilon Herculis,3 A Ring,1,"1,963",High @70%,,,,58 Epsilon Herculis|3 A: High @70% [1963 ls],,,,"58 Epsilon Herculis ring 3 A|High @70%|1,963 ls|"
Atins,2 A Ring,1,"1,166",High @70%,,,,Atins|2 A: High @70% [1166 ls],,,,"Atins ring 2 A|High @70%|1,166 ls|"
HIP 111173,CD 7 A Ring,1,"17,288",High @75%,,,,HIP 111173|CD 7 A: High @75% [17288 ls],,,,"HIP 111173 ring CD 7 A|High @75%|17,288 ls|"
HIP 115505,6 A Ring,5,"1,316",High @75%,,,,HIP 115505|6 A: High @75% [1316 ls],,,,"HIP 115505 ring 6 A|High @75%|1,316 ls|"
HIP 49285,C 4 A Ring,1,"60,161",High @75%,,,,HIP 49285|C 4 A: High @75% [60161 ls],,,,"HIP 49285 ring C 4 A|High @75%|60,161 ls|"
Wolf 1458,3 A Ring,2,830,High @75%; haz @85%,22.75,,,Wolf 1458|3 A: High @75%; haz @85% [830 ls] 22.75% Pt,,,,Wolf 1458 ring 3 A|High @75%; haz @85%|830 ls| 22.75% Pt
Pleiades Sector KC-V c2-4,6 A Ring,1,"1,191",High @the edge,,,,Pleiades Sector KC-V c2-4|6 A: High @the edge [1191 ls],,,,"Pleiades Sector KC-V c2-4 ring 6 A|High @the edge|1,191 ls|"
14 i Orionis,7 A Ring,3,"2,835",High 75%,,,,14 i Orionis|7 A: High 75% [2835 ls],,,,"14 i Orionis ring 7 A|High 75%|2,835 ls|"
HIP 14134,2 A Ring,2,"1,549",High on the edge,,,,HIP 14134|2 A: High on the edge [1549 ls],,,,"HIP 14134 ring 2 A|High on the edge|1,549 ls|"
HR 1385,10 A Ring,1,"2,978",high Pain @65%,,,,HR 1385|10 A: high Pain @65% [2978 ls],,,,"HR 1385 ring 10 A|high Pain @65%|2,978 ls|"
60 Herculis,3 A Ring,3,519,High; Reg @ periphery,,,,60 Herculis|3 A: High; Reg @ periphery [519 ls],,,,60 Herculis ring 3 A|High; Reg @ periphery|519 ls|
20 Ophiuchi,6 A Ring,1,"5,602",Low @ center,,,,20 Ophiuchi|6 A: Low @ center [5602 ls],,,,"20 Ophiuchi ring 6 A|Low @ center|5,602 ls|"
HR 1385,10 A Ring,1,"2,978",low @50%,,,,HR 1385|10 A: low @50% [2978 ls],,,,"HR 1385 ring 10 A|low @50%|2,978 ls|"
HIP 7245,4 A Ring,1,"2,122",low @80%,,,,HIP 7245|4 A: low @80% [2122 ls],,,,"HIP 7245 ring 4 A|low @80%|2,122 ls|"
HR 5473,B 1 A Ring,1,"48,549",Low @90%; bad markers,,,,HR 5473|B 1 A: Low @90%; bad markers [48549 ls],,,,"HR 5473 ring B 1 A|Low @90%; bad markers|48,549 ls|"
HIP 94582,AB 2 A Ring,1,"2,799",Painite @65%,,,,HIP 94582|AB 2 A: Painite @65% [2799 ls],,,,"HIP 94582 ring AB 2 A|Painite @65%|2,799 ls|"
Col 285 Sector SL-Z b15-3,11 A Ring,1,"1,011",Painite Haz @60%,,,,Col 285 Sector SL-Z b15-3|11 A: Painite Haz @60% [1011 ls],,,,"Col 285 Sector SL-Z b15-3 ring 11 A|Painite Haz @60%|1,011 ls|"
Wargis,13 A Ring,2,682,Painite Haz @70%,22.61,,,Wargis|13 A: Painite Haz @70% [682 ls] 22.61% Pt,,,,Wargis ring 13 A|Painite Haz @70%|682 ls| 22.61% Pt
HIP 109310,A 2 A Ring,6,"1,728",Painite Low @25%,,,,HIP 109310|A 2 A: Painite Low @25% [1728 ls],,,,"HIP 109310 ring A 2 A|Painite Low @25%|1,728 ls|"
Sang Wana,4 A Ring,1,"1,108",Painite Reg @50%,,,,Sang Wana|4 A: Painite Reg @50% [1108 ls],,,,"Sang Wana ring 4 A|Painite Reg @50%|1,108 ls|"
HIP 45794,8 A Ring,2,"2,721",Painite Reg @55%,,,,HIP 45794|8 A: Painite Reg @55% [2721 ls],,,,"HIP 45794 ring 8 A|Painite Reg @55%|2,721 ls|"
Lemayak,1 A Ring,2,"1,581",reg @25%,,,,Lemayak|1 A: reg @25% [1581 ls],,,,"Lemayak ring 1 A|reg @25%|1,581 ls|"
Maidareldi,1 A Ring,2,233,Reg @70%,,,,Maidareldi|1 A: Reg @70% [233 ls],,,,Maidareldi ring 1 A|Reg @70%|233 ls|
Bhagui,3 A Ring,3,"2,858",Reg @75%,,,,Bhagui|3 A: Reg @75% [2858 ls],,,,"Bhagui ring 3 A|Reg @75%|2,858 ls|"
71 Omicron Geminorum,6 A Ring,6,"1,259",Reg @80%,,,,71 Omicron Geminorum|6 A: Reg @80% [1259 ls],,,,"71 Omicron Geminorum ring 6 A|Reg @80%|1,259 ls|"
HIP 49846,3 A Ring,1,"3,116",reg @85%,,,,HIP 49846|3 A: reg @85% [3116 ls],,,,"HIP 49846 ring 3 A|reg @85%|3,116 ls|"
HR 6489,4 A Ring,1,"4,894",Reg @85%,,,,HR 6489|4 A: Reg @85% [4894 ls],,,,"HR 6489 ring 4 A|Reg @85%|4,894 ls|"
Namnetes,5 Ring B,1,,Haz @32%,,,,"Namnetes|5 Ring B: Haz @32% LTD",,,,
Clionometes,8 Ring B,1,,High @50%,,,,"Clionometes|8 Ring B: High @50% LTD",,,,
Ngbato,9 Ring A,1,,Haz @30%,,,,"Ngbato|9 Ring A: Haz @30% Tritium",,,,
Bhotho,AB 4 Ring A,1,,Haz @15%,,,,"Bhotho|AB 4 Ring A: Haz @15% Tritium",,,,
Feige 22,2 Ring A,1,,Haz @37%,,,,"Feige 22|2 Ring A: Haz @37% Bromelite",,,,
Atins,2 Ring A,1,"1,166",High @70%,,,,"Atins|2 Ring A: High @70% Painite",,,,
Basika,A6 Ring A,2,,Haz @50%; High @70%,,,,"Basika|A6 Ring A: Haz @50%; High @70% Painite",,,,
HIP 14922,3 Ring A,1,,Haz @65%,,,,"HIP 14922|3 Ring A: Haz @65% Painite",,,,
HIP 13179,9 Ring B,1,,High @33%,,,,"HIP 13179|9 Ring B: High @33% Tritium",,,,
HIP 105408,2 Ring A,1,,High @40%,,,,"HIP 105408|2 Ring A: High @40% Painite",,,,
Macua,2 Ring A,1,682,Haz @60%,,,,"Macua|2 Ring A: Haz @60% Platinum",,,,
Latjal,6 Ring B,1,,Haz @50%,,,,"Latjal|6 Ring B: Haz @50% LTD",,,,
HR 1013,2 Ring A,1,,Haz @20%,,,,"HR 1013|2 Ring A: Haz @20% Painite (major)",,,,
Lalande 34968,AB8 Ring A,1,"2,088",Haz @20%,,,,"Lalande 34968|AB8 Ring A: Haz @20% Platinum",,,,
Misthaka,AB 5 Ring B,1,,Haz @28%,,,,"Misthaka|AB 5 Ring B: Haz @28% Bromelite",,,,
HR 1385,10 Ring A,1,"2,978",High @65%,,,,"HR 1385|10 Ring A: High @65% Painite",,,,
Delkar,7 Ring A,1,"2,803",High @20%,,,,"Delkar|7 Ring A: High @20% Platinum",,,,
HIP 21991,2 Ring A,1,,High @10%,,,,"HIP 21991|2 Ring A: High @10% Painite",,,,
Irusan,2 Ring A,1,,High @20%,,,,"Irusan|2 Ring A: High @20% Painite",,,,
Wolf 406,4 Ring A,1,,Haz @66%,,,,"Wolf 406|4 Ring A: Haz @66% Bromelite",,,,
Wolf 1458,3 Ring A,1,830,High @75%,,,,"Wolf 1458|3 Ring A: High @75% Platinum",,,,
38 Lyncis,4 Ring A,1,,Haz @70%,,,,"38 Lyncis|4 Ring A: Haz @70% Painite",,,,
14 i Orionis,7 Ring A,2,"2,835",High @75% & @80%,,,,"14 i Orionis|7 Ring A: High @75% & @80% Platinum",,,,
Visto,A3 Ring A,1,,Haz @30%,,,,"Visto|A3 Ring A: Haz @30% Painite",,,,
Omicron Ursae Majoris,3 Ring A,1,,High @60%,,,,"Omicron Ursae Majoris|3 Ring A: High @60% Painite",,,,
Gurus,CD4 Ring A,1,"108,225",High @55%,,,,"Gurus|CD4 Ring A: High @55% Platinum",,,,
HIP 35219,2 Ring A,1,,Haz @50%,,,,"HIP 35219|2 Ring A: Haz @50% Painite",,,,
HIP 52780,3 Ring A,1,"1,400",High @75%,,,,"HIP 52780|3 Ring A: High @75% Painite",,,,
HIP 60953,ABC8 Ring A,1,"2,470",Haz @75%,,,,"HIP 60953|ABC8 Ring A: Haz @75% Painite",,,,
HIP 43054,AB4 Ring A,1,"3,575",Haz @80%,,,,"HIP 43054|AB4 Ring A: Haz @80% Platinum",,,,
Hun Nik,4 Ring A,1,,Haz @60%,,,,"Hun Nik|4 Ring A: Haz @60% Painite",,,,
Dubbuennel,3 Ring A,1,,Haz @73%,,,,"Dubbuennel|3 Ring A: Haz @73% Platinum",,,,
Los,A 2 Ring A,1,,Haz @30%,,,,"Los|A 2 Ring A: Haz @30% Tritium",,,,
